{
    "tests": [
        {
            "name": "Test 1",
            "setup": "",
            "run": "grep 'TEST 1 CORRECTNESS PASSED' out.log",
            "input": "",
            "output": "",
            "comparison": "Included",
            "timeout": 100,
            "points": 10
        },
        {
            "name": "Test 2",
            "setup": "",
            "run": "grep 'TEST 2 CORRECTNESS PASSED' out.log",
            "input": "",
            "output": "",
            "comparison": "Included",
            "timeout": 100,
            "points": 10
        },
        {
            "name": "Test 2 Performance",
            "setup": "",
            "run": "grep 'TEST 2 PERFORMANCE PASSED' out.log",
            "input": "",
            "output": "",
            "comparison": "Included",
            "timeout": 100,
            "points": 5
        },
        {
            "name": "Test 3",
            "setup": "",
            "run": "grep 'TEST 3 CORRECTNESS PASSED' out.log",
            "input": "",
            "output": "",
            "comparison": "Included",
            "timeout": 100,
            "points": 10
        },
        {
            "name": "Test 4",
            "setup": "",
            "run": "grep 'TEST 4 CORRECTNESS PASSED' out.log",
            "input": "",
            "output": "",
            "comparison": "Included",
            "timeout": 100,
            "points": 15
        },
        {
            "name": "Test 4 Performance",
            "setup": "",
            "run": "grep 'TEST 4 PERFORMANCE PASSED' out.log",
            "input": "",
            "output": "",
            "comparison": "Included",
            "timeout": 100,
            "points": 5
        },
        {
            "name": "Test 5",
            "setup": "",
            "run": "grep 'TEST 5 CORRECTNESS PASSED' out.log",
            "input": "",
            "output": "",
            "comparison": "Included",
            "timeout": 100,
            "points": 10
        },
        {
            "name": "Test 5 Performance",
            "setup": "",
            "run": "grep 'TEST 5 PERFORMANCE PASSED' out.log",
            "input": "",
            "output": "",
            "comparison": "Included",
            "timeout": 100,
            "points": 4
        },
        {
            "name": "Test 6",
            "setup": "",
            "run": "grep 'TEST 6 CORRECTNESS PASSED' out.log",
            "input": "",
            "output": "",
            "comparison": "Included",
            "timeout": 100,
            "points": 10
        },
        {
            "name": "Test 6 Performance",
            "setup": "",
            "run": "grep 'TEST 6 PERFORMANCE PASSED' out.log",
            "input": "",
            "output": "",
            "comparison": "Included",
            "timeout": 100,
            "points": 4
        },
        {
            "name": "Test 7",
            "setup": "",
            "run": "grep 'TEST 7 CORRECTNESS PASSED' out.log",
            "input": "",
            "output": "",
            "comparison": "Included",
            "timeout": 100,
            "points": 7
        },
        {
            "name": "Test 8",
            "setup": "",
            "run": "grep 'TEST 8 CORRECTNESS PASSED' out.log",
            "input": "",
            "output": "",
            "comparison": "Included",
            "timeout": 100,
            "points": 6
        },
        {
            "name": "Test 8 Performance",
            "setup": "",
            "run": "grep 'TEST 8 PERFORMANCE PASSED' out.log",
            "input": "",
            "output": "",
            "comparison": "Included",
            "timeout": 100,
            "points": 4
        }
    ]
}
